timestamp_utc,vehicle_number,outcome,detail
2026-09-25T07:46:23+00:00,TN 07 DF 7905,closed,
2026-09-25T08:41:25+00:00,TN 07 DE 0894,closed,
2026-09-25T08:46:29+00:00,KA 51 AK 5001,closed,
2026-09-25T08:51:39+00:00,KA 05 AP 5606,closed,
2026-09-25T10:01:52+00:00,TS08UL7428,failed,No open/in-progress/on-hold record found for TS08UL7428.
2026-09-25T10:06:36+00:00,TS08UL7428,failed,No open/in-progress/on-hold record found for TS08UL7428.
2026-09-25T10:11:31+00:00,TN 14 AL 3664,closed,
2026-09-25T10:11:41+00:00,TS08UL7428,failed,No open/in-progress/on-hold record found for TS08UL7428.
2026-09-25T10:16:12+00:00,TS08UL7428,failed,No open/in-progress/on-hold record found for TS08UL7428.
2026-09-25T10:21:24+00:00,TS08UL7428,failed,No open/in-progress/on-hold record found for TS08UL7428.
2026-09-25T10:31:50+00:00,KA 05 AP 5620,closed,
2026-09-25T10:51:28+00:00,KA 05 AQ 5161,closed,
2026-09-25T11:02:05+00:00,KA 04 AD 5010,closed,
2026-09-25T11:02:18+00:00,TS 08 UL 7428,already_completed,Servicing Completed
2026-09-25T11:02:35+00:00,KA 04 AD 3558,closed,
2026-09-25T11:16:32+00:00,TN 07 DJ 2957,closed,
2026-09-25T11:21:12+00:00,TN 13 AF 7303,closed,
2026-09-25T11:51:40+00:00,KA 04 AD 0284,closed,
2026-09-25T11:56:13+00:00,KA 05 AP 6095,closed,
2026-09-25T12:01:54+00:00,TS 08 UL 8299,closed,
2026-09-25T12:02:24+00:00,KA 03 AP 7701,closed,
2026-09-25T12:06:17+00:00,KA 51 AL 8377,closed,
2026-09-25T12:06:37+00:00,KA 51 AL 8376,closed,
2026-09-25T12:06:50+00:00,KA 04 AD 7791,closed,
2026-09-25T12:16:20+00:00,KA 04 AD 5014,closed,
2026-09-25T12:41:53+00:00,TN 07 DJ 2932,closed,
2026-09-25T12:51:14+00:00,TN 07 DP 2801,closed,
2026-09-25T12:56:15+00:00,KA 04 AD 3566,closed,
2026-09-25T13:02:04+00:00,KA 04 AD 4773,closed,
2026-09-25T13:06:10+00:00,KA 04 AD 0103,closed,
2026-09-25T13:21:21+00:00,KA 05 AN 0017,closed,
2026-09-25T14:41:16+00:00,KA 04 AD 0104,closed,
2026-09-25T14:41:41+00:00,KA 04 AD 0125,closed,
2026-09-25T15:17:48+00:00,KA 04 AD 3570,closed,
2026-09-26T04:31:27+00:00,KA 04 AD 0377,closed,
2026-09-26T06:35:55+00:00,Repaired details :IOT issue & brake master cylinder - issue resolved,vehicle_mismatch,
2026-09-26T06:51:12+00:00,TG 15 U 1238,closed,
2026-09-26T07:56:21+00:00,KA 04 AD 5005,closed,
2026-09-26T08:51:25+00:00,KA 04 AD 3563,closed,
2026-09-26T10:51:18+00:00,KA 04 AD 7791,closed,
2026-09-26T10:51:31+00:00,KA 04 AD 0381,closed,
2026-09-26T10:56:18+00:00,KA 04 AD 0126,closed,
2026-09-26T11:31:43+00:00,KA 04 AD 6804,closed,
2026-09-26T11:32:03+00:00,TG 08 T 0839,closed,
2026-09-26T11:36:13+00:00,TS 08 UL 9659,closed,
2026-09-26T12:51:16+00:00,TS 08 UL 9654,closed,
2026-09-26T12:51:36+00:00,KA 03 AP 8212,closed,
2026-09-26T12:55:51+00:00,TN 07 DP 2801,vehicle_mismatch,
2026-09-26T12:56:05+00:00,TN 07 DJ 4264,closed,
2026-09-26T13:01:55+00:00,TN 07 DK 0762,closed,
2026-09-26T13:02:08+00:00,TN 13 AF 7329,closed,
2026-09-26T13:06:15+00:00,TN 14 AM 1939,closed,
2026-09-26T13:11:13+00:00,TN 14 AM 1939,vehicle_mismatch,
2026-09-26T13:11:14+00:00,TN 14 AM 1939,vehicle_mismatch,
2026-09-26T13:11:31+00:00,TN 07 DF 7983,closed,
2026-09-26T13:11:44+00:00,TN 14 AP 3782,closed,
2026-09-26T13:16:10+00:00,TN 14 AM 2109,closed,
2026-09-26T13:16:22+00:00,TN 14 AP 7886,closed,
2026-09-26T13:26:08+00:00,KA 05 AP 6095,already_completed,Servicing Completed
2026-09-26T14:11:16+00:00,TN 07 DF 7904,closed,
2026-09-26T14:26:10+00:00,KA 04 AD 3573,closed,
2026-09-26T14:31:42+00:00,KA 05 AP 5602,closed,
2026-09-26T14:36:09+00:00,KA 04 AD 0093,closed,
2026-09-26T14:41:18+00:00,KA 05 AP 6095,closed,
2026-09-28T06:36:02+00:00,TN 07 DF 7944,closed,
2026-09-28T07:36:20+00:00,KA 05 AP 5614,closed,
2026-09-28T07:36:39+00:00,KA 04 AD 7782,closed,
2026-09-28T07:51:24+00:00,KA 04 AD 4780,closed,
2026-09-28T07:56:11+00:00,KA 04 AD 5007,closed,
2026-09-28T08:26:20+00:00,KA 03 AP 8159,closed,
2026-09-28T08:46:30+00:00,KA 04 AD 0130,closed,
2026-09-28T09:46:16+00:00,TN 14 AP 3742,already_completed,Servicing Completed
2026-09-28T10:16:37+00:00,KA 04 AD 7786,closed,
2026-09-28T10:51:03+00:00,TS 08 UL 6751,failed,No open/in-progress/on-hold record found for TS 08 UL 6751.
2026-09-28T10:56:04+00:00,TN 13 AF 7329,closed,
2026-09-28T10:56:23+00:00,TS 08 UL 6751,closed,
2026-09-28T11:02:04+00:00,TN 09 DE 3100,closed,
2026-09-28T11:02:17+00:00,TN 09 DE 3378,closed,
2026-09-28T11:16:32+00:00,KA 04 AD 6800,closed,
2026-09-28T11:21:21+00:00,KA 04 AD 0286,closed,
2026-09-28T11:26:12+00:00,KA 03 AP 8212,closed,
2026-09-28T11:26:32+00:00,KA 04 AD 3583,closed,
2026-09-28T11:46:29+00:00,KA 04 AD 0128,already_completed,Servicing Completed
2026-09-28T12:11:42+00:00,KA 04 AD 5008,closed,
2026-09-28T13:11:18+00:00,KA 04 AD 7772,closed,
2026-09-28T13:11:31+00:00,TN 07 DF 8030,closed,
2026-09-28T13:41:16+00:00,TN 14 AM 1931,closed,
2026-09-28T13:41:36+00:00,KA 03 AN 0721,closed,
2026-09-28T13:41:48+00:00,TN 14 AP 5054,closed,
2026-09-28T13:42:01+00:00,TN 07 DE 0742,closed,
2026-09-28T13:46:23+00:00,KA 04 AD 0375,closed,
2026-09-28T14:51:17+00:00,KA 04 AD 0387,closed,
2026-09-29T07:11:25+00:00,KA 04 AD 5001,closed,
2026-09-29T07:36:18+00:00,KA 04 AD 3564,closed,
2026-09-29T09:41:15+00:00,KA 04 AD 3581,closed,
2026-09-29T10:21:22+00:00,KA 03 AN 6601,closed,
2026-09-29T10:46:51+00:00,KA 05 AP 5605,closed,
2026-09-29T10:51:19+00:00,TS 08 UL 7346,closed,
2026-09-29T11:41:21+00:00,KA 03 AQ 0840,closed,
2026-09-29T12:11:19+00:00,KA 04 AD 3569,closed,
2026-09-29T12:11:35+00:00,KA 04 AD 0132,closed,
2026-09-29T12:15:50+00:00,KA 04 AD 0105,closed,
2026-09-29T12:21:23+00:00,KA 04 AD 3582,closed,
2026-09-29T12:41:22+00:00,KA 51 AL 3600,closed,
2026-09-29T12:51:25+00:00,KA 04 AD 3563,closed,
2026-09-29T12:56:16+00:00,KA 04 AD 6804,closed,
2026-09-29T12:56:37+00:00,KA 05 AN 0026,closed,
2026-09-29T12:56:54+00:00,TN 07 DJ 2985,closed,
2026-09-29T13:11:26+00:00,KA 04 AD 4998,closed,
2026-09-29T13:11:46+00:00,KA 04 AD 7792,closed,
2026-09-29T13:26:08+00:00,KA04 AD 0107,failed,No open/in-progress/on-hold record found for KA04 AD 0107.
2026-09-29T13:32:19+00:00,KA04 AD 0107,failed,No open/in-progress/on-hold record found for KA04 AD 0107.
2026-09-29T13:36:04+00:00,KA04 AD 0107,failed,No open/in-progress/on-hold record found for KA04 AD 0107.
2026-09-29T13:41:23+00:00,TN 07 DJ 4287,closed,
2026-09-29T13:41:33+00:00,KA04 AD 0107,failed,No open/in-progress/on-hold record found for KA04 AD 0107.
2026-09-29T13:46:23+00:00,KA 03 AQ 0839,closed,
2026-09-29T13:46:44+00:00,KA 03 AQ 0833,closed,
2026-09-29T13:47:03+00:00,KA 03 AN 6670,closed,
2026-09-29T13:47:14+00:00,KA04 AD 0107,failed,No open/in-progress/on-hold record found for KA04 AD 0107.
2026-09-29T13:51:20+00:00,KA 05 AP 5616,closed,
2026-09-29T13:51:31+00:00,KA04 AD 0107,failed,No open/in-progress/on-hold record found for KA04 AD 0107.
2026-09-29T15:16:44+00:00,TG 08 v 2401,closed,
2026-09-30T06:11:35+00:00,KA 04 AD 3572,closed,
2026-09-30T07:06:15+00:00,KA 04 AD 0378,closed,
2026-09-30T07:16:19+00:00,KA 04 AD 0103,closed,
2026-09-30T07:26:15+00:00,KA 03 AN 6732,closed,
2026-09-30T07:26:35+00:00,KA 03 AQ 0830,closed,
2026-09-30T08:06:13+00:00,KA 04 AC 8449,closed,
2026-09-30T09:01:43+00:00,TN 07 DJ 2912,closed,
2026-09-30T09:01:55+00:00,TN 13 AF 7466,closed,
2026-09-30T10:01:54+00:00,TN 14 AM 1914,closed,
2026-09-30T10:06:13+00:00,TN 14 AS 6697,closed,
2026-09-30T10:06:33+00:00,TN 14 AP 3751,closed,
2026-09-30T10:31:37+00:00,TS 08 UL 8299,closed,
2026-09-30T10:51:21+00:00,TG 08 T 6622,closed,
2026-09-30T11:11:14+00:00,KA 04 AD 4790,closed,
2026-09-30T11:31:35+00:00,KA 04 AD 3594,closed,
2026-09-30T11:51:22+00:00,KA 04 AD 3573,closed,
2026-09-30T12:01:52+00:00,TN 07 DJ 2977,closed,
2026-09-30T12:06:23+00:00,TN 14 AP 3740,closed,
2026-09-30T12:06:42+00:00,TN 14 AL 3883,closed,
2026-09-30T12:26:14+00:00,KA 05 AQ 5161,closed,
2026-09-30T12:36:28+00:00,KA 03 AP 7705,closed,
2026-09-30T12:36:44+00:00,KA 05 AN 0017,closed,
2026-09-30T12:41:28+00:00,KA 05 AN 0026,closed,
2026-09-30T12:41:48+00:00,KA 03 AN 6670,closed,
2026-09-30T12:46:48+00:00,KA 05 AN 9101,closed,
2026-09-30T13:01:54+00:00,TS 08 UL 8292,closed,
2026-09-30T13:02:15+00:00,TS 08 UL 8291,closed,
2026-09-30T13:15:12+00:00,TN 07 DE 0831,closed,
2026-09-30T13:15:28+00:00,TN 07 DP 2847,closed,
2026-09-30T13:32:02+00:00,TN 09 DE 3345,closed,
2026-09-30T13:36:46+00:00,TN 09 DE 3098,closed,
2026-09-30T13:42:04+00:00,TN 07 DK 5752,closed,
2026-10-01T07:11:20+00:00,KA 04 AD 3598,closed,
2026-10-01T07:21:26+00:00,KA 04 AD 0096,closed,
2026-10-01T07:26:19+00:00,KA 05 AP 5603,closed,
2026-10-01T08:13:37+00:00,Repaired details :,vehicle_mismatch,
2026-10-01T08:16:26+00:00,KA 04 AD 3566,closed,
2026-10-01T09:21:14+00:00,TN 07 DF 7950,closed,
2026-10-01T09:21:26+00:00,TN 13 AF 7563,closed,
2026-10-01T09:36:16+00:00,KA 03 AN 6598,closed,
2026-10-01T09:36:37+00:00,KA 03 AN 6737,closed,
2026-10-01T09:46:20+00:00,KA 04 AD 6805,closed,
2026-10-01T09:56:15+00:00,KA 03 AP 8215,closed,
2026-10-01T11:16:19+00:00,KA 04 AD 7791,closed,
2026-10-01T11:26:48+00:00,KA 04 AD 3561,closed,
2026-10-01T11:56:11+00:00,KA 03 AQ 0830,closed,
2026-10-01T12:11:21+00:00,TN 07 DE 0864,closed,
2026-10-01T12:16:16+00:00,KA 04 AD 0372,closed,
2026-10-01T12:21:31+00:00,TN 07 DE 0742,closed,
2026-10-01T12:31:42+00:00,TN 07 DE 0865,closed,
2026-10-01T12:41:32+00:00,TN 07 DP 3045,closed,
2026-10-01T12:51:29+00:00,KA 03 AP 8218,closed,
2026-10-01T12:51:42+00:00,TN 07 DF 7935,closed,
2026-10-01T12:56:14+00:00,KA 03 AN 6672,closed,
2026-10-01T13:01:56+00:00,KA 05 AP 3727,closed,
2026-10-01T13:06:16+00:00,KA 05 AM 8882,closed,
2026-10-02T07:01:56+00:00,KA 03 AP 7701,closed,
2026-10-02T12:36:28+00:00,KA 03 AQ 0372,closed,
2026-10-03T06:11:19+00:00,KA 05 AN 9112,closed,
2026-10-03T06:16:22+00:00,KA 03 AP 8159,closed,
2026-10-03T06:31:40+00:00,KA 04 AD 0380,closed,
2026-10-03T06:56:09+00:00,KA 04 AD 4776,closed,
2026-10-03T07:11:10+00:00,KA 04 AD 0378,closed,
2026-10-03T07:26:10+00:00,KA 04 AD 0389,closed,
2026-10-03T07:36:07+00:00,KA 03 AQ 0374,closed,
2026-10-03T08:11:17+00:00,KA 03 AN 0723,closed,
2026-10-03T08:11:37+00:00,KA 05 AP 4510,closed,
2026-10-03T08:16:33+00:00,KA 04 AD 0294,closed,
2026-10-03T08:16:53+00:00,KA 04 AD 0128,closed,
2026-10-03T08:36:10+00:00,KA 04 AD 0309,closed,
2026-10-03T09:36:02+00:00,TN 07 DF 8030,closed,
2026-10-03T10:06:11+00:00,KA 04 AD 0143,closed,
2026-10-03T10:51:16+00:00,TS 08 UL 8299,closed,
2026-10-03T10:56:11+00:00,TS 08 UL 8293,closed,
2026-10-03T12:06:12+00:00,KA 04 AD 3564,closed,
2026-10-03T12:11:20+00:00,KA 04 AD 0286,closed,
2026-10-03T12:16:08+00:00,KA 04 AD 6806,already_completed,Servicing Completed
2026-10-03T12:36:01+00:00,TN 07 DE 0855,closed,
2026-10-03T12:46:20+00:00,KA 03 AN 6670,closed,
2026-10-03T12:51:25+00:00,TN 07 DF 7935,closed,
2026-10-03T12:51:45+00:00,KA 03 AQ 0857,closed,
2026-10-03T13:01:52+00:00,KA 05 AQ 5161,closed,
2026-10-03T13:02:13+00:00,TN 14 AS 6017,closed,
2026-10-03T13:06:09+00:00,TN 07 DE 0892,closed,
2026-10-03T13:11:21+00:00,KA 04 AD 0104,closed,
2026-10-03T13:11:39+00:00,TN 14 AS 8863,closed,
2026-10-03T13:16:17+00:00,KA 04 AD 0375,closed,
2026-10-03T13:26:44+00:00,KA 05 AP 5620,closed,
2026-10-03T14:01:46+00:00,KA 04 AD 6806,closed,
2026-10-03T14:41:18+00:00,KA 04 AD 0300,closed,
2026-10-05T05:51:38+00:00,KA 04 AD 3562,closed,
2026-10-05T05:51:59+00:00,TG 08 T 6698,closed,
2026-10-05T07:46:31+00:00,TG 15 U 0959,closed,
2026-10-05T08:41:31+00:00,KA 04 AD 3580,closed,
2026-10-05T08:41:51+00:00,TS 08 UL 9659,closed,
2026-10-05T08:42:05+00:00,KA 04 AD 0377,closed,
2026-10-05T08:42:18+00:00,KA 04 AD 0280,closed,
2026-10-05T09:11:13+00:00,KA 04 AD 0284,closed,
2026-10-05T09:11:33+00:00,KA 04 AD 6800,closed,
2026-10-05T10:16:23+00:00,KA 04 AD 7788,closed,
2026-10-05T11:02:05+00:00,KA 04 AD 3591,closed,
2026-10-05T11:31:38+00:00,KA 04 AD 6806,closed,
2026-10-05T11:31:59+00:00,KA 04 AD 0128,closed,
2026-10-05T11:41:22+00:00,KA 03 AQ 0826,closed,
2026-10-05T12:06:07+00:00,TN 07 DF 7904,closed,
2026-10-05T12:06:20+00:00,TN 13 AF 7563,closed,
2026-10-05T12:11:17+00:00,TN 07 DK 0743,closed,
2026-10-05T12:11:30+00:00,KA 04 AD 6797,closed,
2026-10-05T12:16:21+00:00,TN 07 DK 0762,closed,
2026-10-05T12:26:18+00:00,TS 08 UL 7428,closed,
2026-10-05T12:41:21+00:00,KA 05 AP 4547,closed,
2026-10-05T12:51:21+00:00,TN 07 DE 0847,closed,
2026-10-05T12:56:15+00:00,KA 03 AQ 0835,closed,
2026-10-05T13:01:50+00:00,KA 04 AD 3577,closed,
2026-10-05T13:06:23+00:00,KA 51 AL 3127,closed,
2026-10-05T13:06:38+00:00,KA 03 AN 6835,closed,
2026-10-05T13:11:18+00:00,KA 04 AD 3564,closed,
2026-10-05T13:16:10+00:00,KA 04 AD 3757,vehicle_mismatch,
2026-10-05T13:21:19+00:00,KA 04 AD 3575,closed,
2026-10-05T13:21:32+00:00,TN 14 AP 4456,closed,
2026-10-05T13:26:11+00:00,TN 14 AM 1958,closed,
2026-10-05T13:31:37+00:00,KA 04 AD 3586,closed,
2026-10-05T13:31:58+00:00,KA 03 AN 0586,closed,
2026-10-05T13:32:18+00:00,TS 08 UL 9660,closed,
2026-10-05T13:36:14+00:00,TS 08 UL 9655,closed,
2026-10-05T13:36:34+00:00,TS 08 UL 9665,closed,
2026-10-05T13:41:33+00:00,KA 05 AN 9107,closed,
2026-10-05T13:46:21+00:00,KA 04 AD 5008,closed,
2026-10-05T14:36:15+00:00,KA 04 AD 0122,closed,
2026-10-05T14:41:21+00:00,KA 04 AD 5012,closed,
2026-10-06T06:01:50+00:00,TS 08 UL 7597,closed,
2026-10-06T07:26:22+00:00,KA 04 AD 4772,closed,
2026-10-06T08:01:44+00:00,KA 03 AN 6736,closed,
2026-10-06T08:46:16+00:00,TN 07 DF 7965,closed,
2026-10-06T08:46:29+00:00,TN 07 DJ 4287,closed,
2026-10-06T09:16:19+00:00,KA 04 AD 0132,closed,
2026-10-06T10:11:41+00:00,TN 07 DF 8002,closed,
2026-10-06T10:31:45+00:00,KA 05 AN 0008,closed,
2026-10-06T10:35:56+00:00,KA 004 AD 095,vehicle_mismatch,
2026-10-06T10:41:19+00:00,KA 04 AD 0095,closed,
2026-10-06T10:41:28+00:00,KA 04 AD 0095,already_completed,Servicing Completed
2026-10-06T10:46:12+00:00,TN 07 DP 3045,closed,
2026-10-06T10:46:32+00:00,KA 03 AN 6671,closed,
2026-10-06T10:46:53+00:00,KA 04 AD 3574,closed,
2026-10-06T11:11:24+00:00,KA 03 AQ 0830,closed,
2026-10-06T11:16:28+00:00,KA 03 AP 8159,closed,
2026-10-06T11:41:21+00:00,KA 04 AD 0093,closed,
2026-10-06T12:46:40+00:00,TN 07 DJ 2920,closed,
2026-10-06T12:56:11+00:00,KA 05 AP 5615,closed,
2026-10-06T13:02:10+00:00,KA 05 AP 6095,closed,
2026-10-06T13:02:30+00:00,KA 04 AD 6801,closed,
2026-10-06T13:02:51+00:00,KA 03 AQ 0858,closed,
2026-10-06T13:03:11+00:00,KA 05 AN 9114,closed,
2026-10-06T13:06:20+00:00,KA 05 AP 5621,closed,
2026-10-06T13:11:19+00:00,KA 05 AP 5620,closed,
2026-10-06T13:11:42+00:00,KA 05 AP 5603,closed,
2026-10-06T13:31:40+00:00,KA 04 AD 4770,closed,
2026-10-06T13:56:10+00:00,TN 07 DE 0807,closed,
2026-10-06T13:56:31+00:00,KA 04 AD 0375,closed,
2026-10-06T13:56:48+00:00,TN 07 DJ 2964,closed,
2026-10-06T14:06:09+00:00,KA 04 AD 0296,closed,
2026-10-06T14:06:27+00:00,KA 04 AD 3577,closed,
2026-10-06T14:36:55+00:00,TN 14 AP 7021,closed,
2026-10-06T14:41:56+00:00,KA 05 AN 7935,closed,
2026-10-06T15:08:44+00:00,KA 04 AD 4778,closed,
2026-10-07T06:01:51+00:00,TN 14 AL 3880,closed,
2026-10-07T06:16:24+00:00,TN 07 DP 2809,closed,
2026-10-07T06:31:36+00:00,KA 04 AD 5012,closed,
2026-10-07T07:11:24+00:00,KA 05 AP 5620,closed,
2026-10-07T07:16:21+00:00,KA 04 AD 3570,closed,
2026-10-07T07:21:24+00:00,KA 04 AD 3586,closed,
2026-10-07T08:06:03+00:00,KA 04 AD 3596,closed,
2026-10-07T08:11:26+00:00,KA 05 AP 5605,closed,
2026-10-07T08:41:24+00:00,TN 14 AP 7050,closed,
2026-10-07T08:56:19+00:00,KA 04 AD 3594,closed,
2026-10-07T09:11:16+00:00,TS 08 UL 6747,closed,
2026-10-07T10:21:19+00:00,KA 04 AD 0386,closed,
2026-10-07T10:26:13+00:00,KA 04 AD 3575,closed,
2026-10-07T10:31:40+00:00,KA 03 AN 0722,closed,
2026-10-07T10:36:15+00:00,KA 04 AD 0100,closed,
2026-10-07T10:41:18+00:00,KA 03 AP 8157,closed,
2026-10-07T10:51:12+00:00,KA 05 AN 7929,other_status,Under Approval
2026-10-07T11:16:21+00:00,TG 08 T 6625,closed,
2026-10-07T12:11:20+00:00,TG 08 V 2111,closed,
2026-10-07T12:22:16+00:00,KA 04 AD 4788,closed,
2026-10-07T13:21:17+00:00,TG 07 V 0342,closed,
2026-10-07T13:41:17+00:00,KA 04 AD 3567,closed,
2026-10-07T13:41:37+00:00,KA 05 AP 5616,closed,
2026-10-07T13:46:26+00:00,KA 04 AD 4774,closed,
2026-10-07T13:56:20+00:00,KA 05 AP 5610,closed,
2026-10-07T13:56:34+00:00,TN 07 DK 0762,closed,
2026-10-07T14:03:43+00:00,TN 14 AP 4705,closed,
2026-10-07T14:06:30+00:00,TN 07 DE 0884,closed,
2026-10-07T14:11:17+00:00,KA 03 AN 0587,closed,
2026-10-07T14:21:22+00:00,TN 14 AP 3747,closed,
2026-10-07T14:26:28+00:00,KA 03 AQ 0833,closed,
2026-10-07T14:41:36+00:00,KA 04 AD 3582,closed,
2026-10-08T05:46:24+00:00,KA 04 AD 3586,closed,
2026-10-08T06:16:22+00:00,KA 04 AD 0304,closed,
2026-10-08T06:21:42+00:00,KA 04 AD 3594,closed,
2026-10-08T06:36:12+00:00,KA 04 AD 0302,closed,
2026-10-08T08:16:44+00:00,KA 04 AD 0371,closed,
2026-10-08T08:21:18+00:00,KA 04 AD 0120,closed,
2026-10-08T08:26:11+00:00,KA 04 AD 0386,closed,
2026-10-08T08:26:27+00:00,KA 04 AD 7784,closed,
2026-10-08T10:31:40+00:00,KA 05 AQ 3761,closed,
2026-10-08T11:36:22+00:00,TS 08 UL 8296,closed,
2026-10-08T11:51:27+00:00,KA 04 AD 5006,closed,
2026-10-08T11:56:09+00:00,KA 04 AD 0133,closed,
2026-10-08T12:02:00+00:00,KA 04 AD 3574,closed,
2026-10-08T12:02:22+00:00,KA 04 AD 3591,closed,
2026-10-08T12:11:24+00:00,TN 14 AS 6631,closed,
2026-10-08T12:11:45+00:00,TN 14 AP 7868,closed,
2026-10-08T12:12:22+00:00,TN 14 AS 6606,closed,
2026-10-08T12:41:09+00:00,TN 09 DE 3008,vehicle_mismatch,
2026-10-08T12:41:31+00:00,KA 03 AN 0723,closed,
2026-10-08T12:41:43+00:00,TN 07 DK 0743,closed,
2026-10-08T12:42:04+00:00,KA 05 AP 4547,closed,
2026-10-08T12:52:26+00:00,TN 07 DF 7975,closed,
2026-10-08T13:26:14+00:00,KA 03 AP 7703,closed,
2026-10-08T13:31:50+00:00,KA 03 AQ 0826,closed,
2026-10-08T13:41:23+00:00,TN 13 AF 6170,closed,
2026-10-08T13:41:37+00:00,TN 07 DE 0858,closed,
2026-10-08T13:41:54+00:00,TN 07 DJ 2916,closed,
2026-10-08T14:11:26+00:00,KA 04 AD 0118,closed,
2026-10-08T14:16:59+00:00,KA 04 AD 7776,failed,"Page.goto: Timeout 30000ms exceeded.
Call log:
  - navigating to ""https://ops.fynmobility.com/a0ce743445e30281/admin/"", waiting until ""load""
"
2026-10-08T14:21:26+00:00,KA 04 AD 0107,closed,
2026-10-08T14:21:42+00:00,KA 04 AD 7776,closed,
